Workbook

Sheet SHOPS
A1: Shop ID | B1: Shop Name | C1: Manager
A2: G13 | B2: AL FAROUQ | C2: OMAR YUSUF
A3: B15 | B3: AL HAQ | C3: KHALID HASSAN
A4: F14 | B4: DIAMOND PLAZA | C4: LEILA MANSOOR
A5: H22 | B5: SUPER SCENT | C5: FARAH MOHAMED
A6: K09 | B6: FRAGRANCE WORLD | C6: YUSUF KHALID
A7: M33 | B7: LUXURY PERFUMES | C7: SALMA HUSSEIN
A8: D17 | B8: AROMA SHOP | C8: HAMZA ALI

Sheet Products
A1: P001 | B1: DIOR SAUVAGE EDP | C1: Perfume | D1: 25 | E1: 55 | F1: 5
A2: P002 | B2: CHANEL BLEU | C2: Perfume | D2: 30 | E2: 60 | F2: 5
A3: P003 | B3: VERSACE EROS | C3: Perfume | D3: 20 | E3: 45 | F3: 4
A4: P004 | B4: ARMANI CODE | C4: Perfume | D4: 28 | E4: 58 | F4: 3
A5: P005 | B5: LATTAFA OUD FOR GLORY | C5: Perfume | D5: 15 | E5: 40 | F5: 6
A6: P006 | B6: AFNAN 9PM | C6: Perfume | D6: 12 | E6: 32 | F6: 4
A7: P007 | B7: YSL Y EDP | C7: Perfume | D7: 35 | E7: 75 | F7: 5
A8: =IFERROR('Form Responses 2'!B8,"") | C8: =IFERROR('Form Responses 2'!D8,"") | D8: =IFERROR('Form Responses 2'!E8,"") | E8: =IFERROR('Form Responses 2'!F8,"") | F8: =IFERROR('Form Responses 2'!G8,"")
A9: =IFERROR('Form Responses 2'!B9,"") | C9: =IFERROR('Form Responses 2'!D9,"") | D9: =IFERROR('Form Responses 2'!E9,"") | E9: =IFERROR('Form Responses 2'!F9,"") | F9: =IFERROR('Form Responses 2'!G9,"")
A10: =IFERROR('Form Responses 2'!B10,"") | C10: =IFERROR('Form Responses 2'!D10,"") | D10: =IFERROR('Form Responses 2'!E10,"") | E10: =IFERROR('Form Responses 2'!F10,"") | F10: =IFERROR('Form Responses 2'!G10,"")

Sheet Employees
A1: Employee ID | B1: Employee Name | C1: Shop | D1: Role | E1: Contact
A2: E001 | B2: OMAR YUSUF | C2: G13 | D2: Cashier | E2: 711223344
A3: E002 | B3: LEILA MANSOOR | C3: F14 | D3: Manager | E3: 711442233
A4: E003 | B4: KHALID HASSAN | C4: B15 | D4: Sales | E4: 700112233
A5: E004 | B5: AHMED ALI | C5: G13 | D5: Sales | E5: 711998877
A6: E005 | B6: HASSAN OTHMAN | C6: F14 | D6: Supervisor | E6: 788877665
A7: E006 | B7: FATIMA NOOR | C7: B15 | D7: Cashier | E7: 799231155
A8: E007 | B8: ABDULLAH MAHAD | C8: G13 | D8: Sales | E8: 712554433

Sheet Stock In
A1: Timestamp | B1: Date | C1: Shop Name | D1: Shop ID | E1: Product Name | F1: Quantity Received | G1: supplier | H1: notes

Sheet SALES SHEET
A1: Timestamp | B1: Date | C1: Shop | D1: Employee | E1: Product | F1: Quantity | G1: Total Price

Sheet INVENTORY SHEET
A1: Shop ID | B1: Product | C1: Total Stock In | D1: Total Sales | E1: Current Stock | F1: Reorder Level
C2: =IFERROR(SUMIF('Stock In'!D:D, A2, 'Stock In'!G:G), 0) -> 0 | D2: =IFERROR(SUMIFS(Sales!F:F, Sales!C:C, A2, Sales!E:E, B2), 0) -> 0 | E2: =C2 - D2 -> 0 | F2: =IFERROR(VLOOKUP(B2, Products!B:F, 5, FALSE), "")

Sheet DASHBOARD SHEET
A1: Metric
A2: Total Sales (All Time) | B2: =IFERROR(SUM(Sales!G:G), 0) -> 0
A3: Sales Today | B3: =IFERROR(SUMIF(Sales!B:B, TODAY(), Sales!G:G), 0) -> 0
A4: Sales This Month | B4: =IFERROR(__xludf.DUMMYFUNCTION("IFERROR(SUM(FILTER(Sales!G:G, MONTH(Sales!B:B)=MONTH(TODAY()))), 0)"),0.0) -> 0
A5: Inventory Value | B5: =IFERROR(SUM(Inventory!E:E * VLOOKUP(Inventory!B:B, Products!B:E, 4, FALSE)), 0) -> 0
A6: Best Employee
A7: Top 5 Products (by Sales)
A8: Low Stock Count | B8: =COUNTIF(Inventory!E:E, "<=2") -> #REF!
